#,Style Guide Adherence,Variable Name Quality,Complexity Score,Max Line,Comment Ratio,Readability,Readability Category
1,6.73,0.5547566112130880,2,88,Good,27.02,4
2,2.04,0.612280702,2,113,Medium,34.56,0
4,5.71,0.40362814559854100,2.2,91,Medium,29.7,2
5,4.91,0.5640350877192980,32,143,Medium,32.56,3
6,0,0.525,0,81,Medium,24.78,4
7,6.31,0.6179824561403510,2.8461538461538500,114,Good,27.31,2
8,8.51,0.44913857583746800,7,108,Medium,30.66,1
9,5.18,0.6316666666666670,4.5,98,Medium,29.4,2
10,2.67,0.64,0,244,Medium,35.91,3
11,6.53,0.4525033989522070,2.3636363636363600,89,Medium,43,2
12,7.19,0.42552235089242500,3.4,205,Medium,38.3,1
13,6.45,0.5923076923076920,2.6,100,Medium,31.16,1
14,0,0.6151515151515150,1,132,Good,29.96,2
15,0.42,0.4757780365888010,9.4,119,Medium,29.46,2
16,0,0.6452380952380950,3,84,Medium,30.1,0
17,5.83,0.4411511864801430,4,95,Medium,35.72,1
19,4.19,0.3832039252462750,2.9444444444444400,114,Medium,35.03,1
20,5.38,0.3813186813186810,2,222,Medium,35.36,1
21,0,0.5586013458503690,0,97,Good,27.84,0
22,6.23,0.5927536231884060,2.8333333333333300,98,Good,31.03,2
23,1.9,0.5866666666666670,3.4285714285714300,79,Medium,30.25,3
26,4.92,0.6282608695652170,3.3636363636363600,103,Medium,30.45,4
27,5.76,0.5055555555555560,2,97,Good,39.02,2
28,7.76,0.6254901960784310,4,134,Medium,26.29,2
29,7.7,0.6588235294117650,4.75,85,Medium,32.35,1
30,7.73,0.6461538461538460,6,73,Medium,39.41,2
31,0,0.5947368421052630,16,84,Medium,28.35,0
32,1.58,0.6416666666666670,0,107,Very Bad,25.39,4
33,5.36,0.49818181818181800,0,132,Good,26.6,4
34,1.13,0.6226190476190480,3.2222222222222200,289,Medium,34.18,2
35,0,0.6625,2.25,46,Very Bad,41.07,4
36,0,0.7333333333333330,0,14996,Medium,1954.62,0
37,5.23,0.4791484890381500,0,120,Medium,33.63,1
39,8.51,0.6533333333333330,4.5,94,Medium,28.57,1
40,7.05,0.5561939602164700,18,89,Medium,37.99,1
41,6.87,0.5795449984570340,18,97,Medium,38.46,1
42,0,0,0,49890,Medium,4192.17,0
43,7.17,0.37127727629465100,3.237288136,128,Medium,33.71,1
44,7.35,0.611904762,2.6,97,Medium,27.94,3
45,0,0.4579843827896870,2.142857142857140,167,Medium,28.96,1
46,6.03,0.3776477632778030,2.0454545454545500,146,Medium,32.38,1
48,0,0.6922222222222220,0,73,Good,31.78,1
50,6.27,0.6021929824561400,2,128,Medium,36.54,3
52,4.67,0.5255555555555560,1.8333333333333300,80,Medium,27.55,3
53,2.67,0.65,0,77,Medium,28.83,2
55,5,0.48782655091158000,9,115,Medium,30.51,2
57,2.5,0.5302083333333330,3,79,Medium,32.99,3
60,6.07,0.6000000000000000,3.5,85,Medium,28.44,3
61,4.24,0.5455555555555560,1,166,Good,28.73,4
62,4.95,0.393657105,3.236842105263160,126,Medium,30.89,3
65,6,0.631578947,4,85,Good,29.18,4
66,0,0.595,1,80,Very Bad,19.15,2
67,9.03,0.47248892781153200,3.736842105263160,94,Medium,42.94,4
68,6.5,0.3722430940767940,3.627450980392160,117,Medium,32.36,4
69,3.8,0.445564959,2.8095238095238100,185,Medium,31.65,3
70,0,0.6008771929824560,3.6,102,Good,29.91,3
72,7.67,0.48449492129504300,4.074074074074070,85,Medium,33.04,3
74,0,0.43472222222222200,3.5,109,Medium,30.43,2
75,9.01,0.3928035744743070,6.933333333333330,100,Medium,30.34,3
76,7.94,0.38748199611992900,1.7410714285714300,102,Medium,35.33,4
77,8,0.6804334653091140,0,92,Good,28.23,0
78,6.69,0.6305555555555560,2,122,Medium,30.59,1
79,0,0.4933661776234790,8.461538461538460,228,Medium,30.2,3
80,0,0.3816823989313880,7,162,Medium,32.18,3
81,2.5,0.7083333333333330,0,80,Very Bad,34.31,1
82,0.3,0.6413978494623660,1,178,Good,29.5,2
83,6.94,0.49837547026058600,2.25,96,Medium,28.61,2
85,6.25,0.6293103448275860,2,92,Medium,29.23,3
86,8,0.6833333333333330,0,76,Bad,22.02,4
88,7.62,0.43039151424844100,2.909090909090910,106,Medium,30.88,2
89,6.98,0.5358845260960090,2,114,Medium,32.42,2
99,7.5,0.5958333333333330,0,61,Medium,27.95,4
104,0,0.6016666666666670,2.3333333333333300,80,Bad,25.98,4
116,5.46,0.4193485985028010,2.2222222222222200,97,Medium,29.47,1
117,6,0.6555555555555560,4,91,Medium,30.15,1
118,0,0.6166666666666670,2.5,87,Medium,32.87,0
122,0,0.6680555555555560,1.3,68,Medium,44.85,0
123,0,0.5583333333333330,0,110,Very Bad,39.56,0
125,?,0.6614942528735630,15,121,Medium,37.03,0
126,?,0.5,11,80,Medium,30.28,0
135,0,0.3666189723876630,15.545454545454500,132,Medium,31.57,0
141,0,0.5317374808319880,1.6,86,Medium,32.26,1
142,6.89,0.5205128205128210,5,98,Medium,31.4,1
143,0,0.6833333333333330,1,87,Good,33.69,0
144,5.96,0.7083333333333330,4,192,Good,73.93,1
145,0.43,0.5760416666666670,2.2,83,Medium,28.86,1
146,3.55,0.5350574712643680,8.5,88,Medium,31.93,1
147,0.64,0.5616666666666670,1.1578947368421100,128,Medium,32.46,2
148,?,0.6071428571428570,1.1111111111111100,69,Medium,28.38,2
149,7.23,0.3725594236223020,1.121212121212120,246,Good,31.72,4
150,0,0.48921568627451000,2,66,Medium,29.26,0
151,0,0.5866666666666670,2,132,Medium,35.02,0
152,1.33,0.5462121212121210,0,81,Very Bad,16.35,2
153,8.16,0.5122957533359660,3.625,96,Medium,39.08,4
154,3.33,0.5691256830601090,7.083333333333330,175,Good,32.8,4
155,0,0.6333333333333330,0,46,Medium,26.86,0
156,6.56,0.2878165812756140,7.357142857142860,213,Good,30.04,2
158,6.63,0.5492753623188410,3.25,80,Medium,30.45,1
160,0,0.7166666666666670,2,89,Very Bad,25.08,0
161,5.63,0.3934813671628600,2.24,128,Medium,28.96,1
162,8,0.44733333333333300,2,240,Medium,30.94,4
163,5.67,0.6208333333333330,2.6666666666666700,81,Very Bad,23.56,2
164,0.59,0.5955555555555560,2.25,102,Medium,30.19,1
165,6.67,0.666,1.75,128,Very Bad,25.06,0
166,0,0.6143410852713180,2,112,Medium,32.93,0
167,0,0.49119185681144400,1,78,Very Bad,22.07,4
168,0,0.5867424242424240,2,193,Bad,32.12,4
169,0,0.6019479307348040,10,101,Medium,29,0
170,0,0.585,5,139,Medium,30.38,4
171,7.14,0,1,83,Very Bad,22.39,0
172,0,0.5746765111173900,2,88,Medium,31.72,0
173,0,0.4951425355672840,5.5,127,Good,35.07,3
174,7.14,0.3384300948056780,2.3793103448275900,81,Medium,30.22,2
175,7.27,0.5706349206349210,0,91,Medium,28.31,3
176,3.4,0.6214285714285710,5.5,161,Medium,29.11,1
177,0,0.6357142857142860,43,116,Medium,30.79,1
178,2.58,0.3880020768976230,1.967741935483870,130,Medium,32.41,3
179,?,0.2848905927582380,2.44,202,Medium,33.67,0
180,2.2,0.4393939393939390,2.8125,123,Medium,43.57,1
181,1.83,0.5318657930919730,3.7142857142857100,139,Medium,34.33,4
182,7.86,0.5680555555555560,1.25,97,Very Bad,23.04,2
183,3.53,0.594047619,2,107,Medium,30.53,1
184,2.35,0.6104166666666670,9,102,Medium,33.11,1
185,1.67,0.5407407407407410,2.3333333333333300,80,Good,27.27,4
186,7.34,0.2899371690856240,2.276595744680850,79,Good,27.37,4
187,0.77,0.44166666666666700,1.25,102,Medium,33.48,0
188,7.32,0.6277777777777780,0,82,Medium,29.8,0
189,5.38,0.5696078431372550,10.5,110,Medium,31.58,0
190,1.58,0.6105691056910570,7,141,Medium,35.01,1
191,0,0.65,1.5,94,Medium,29.41,0
192,6.64,0.2684996655548800,12.7,159,Medium,35.94,3
193,4.64,0.30216980532853200,7.666666666666670,98,Medium,31.62,1
194,9.63,0.5525,4,80,Medium,28.81,4
195,4.69,0.6571428571428570,8,85,Medium,30.35,3
196,5.87,0.35853747760505800,9.470588235294120,148,Good,33.64,4
197,3.79,0.5084221476214190,1,109,Good,45.02,4
198,0,0.6125,6,151,Medium,37.64,1
199,4.3,0.53929536,1.1666666666666700,126,Medium,41.87,2
200,2.69,0.6269495322099990,1.25,90,Medium,39.38,2
201,7.86,0.47833333333333300,10.333333333333300,182,Good,38.71,3
203,0,0.3555555555555560,1.25,79,Medium,30.22,4
204,4.92,0.6037878787878790,1.8,76,Good,35.6,2
205,2.31,0.73,4.5,118,Medium,51.02,4
206,9.5,0.6526315789473690,4,85,Good,28.27,4
207,3.1,0.6266666666666670,4,98,Medium,36.9,0
208,6.1,0.509090909,2.4285714285714300,107,Very Bad,27.37,4
209,0,0.62,0,134,Medium,34.62,1
210,0,0.5839506172839510,3.25,109,Good,29.45,2
212,3.38,0.6137254901960790,3.857142857142860,88,Medium,39.64,2
213,0,0.5018518518518520,5,105,Medium,37.43,0
214,7.67,0.3427592799067500,2.1818181818181800,89,Medium,31.82,3
215,0,0.6229166666666670,1,133,Medium,42.75,0
216,?,0.5595238095238100,2.3333333333333300,93,Medium,38.87,0
217,0,0.5055555555555560,2,93,Medium,30.37,4
218,0,0.5120940274802880,4.181818181818180,101,Medium,36.93,0
219,2.44,0.538888889,1.2,78,Good,28.1,4
220,3.26,0.6245614035087720,2.8,153,Good,35.44,1
221,0,0.6047263739883440,2.4680851063829800,159,Medium,32.94,2
222,8.38,0.5011111111111110,2.4166666666666700,118,Medium,34.55,4
223,0,0.6916666666666670,0,91,Bad,23.26,4
224,8.24,0.4248244123955320,2.049382716049380,119,Medium,38.03,4
225,0,0.575,1.5,222,Medium,33.68,2
226,0,0.4523778805420510,6,237,Medium,32.2,2
227,7.95,0.3816134500330770,2.625,80,Medium,28.93,2
228,5,0.47273637188805500,1,67,Medium,28.02,1
229,5.16,0.638095238,3.6,137,Medium,33.7,2
230,0,0.644927536,15.5,120,Medium,38.48,0
233,8.08,0.3812144874380190,6.333333333333330,88,Medium,33.17,2
234,0,0.5574074074074070,1,159,Medium,32.04,0
235,0,0.7416666666666670,0,113,Medium,28.67,0
236,6.25,0.625,3,122,Medium,29.81,2
237,0,0.7514984569788790,15,171,Medium,32.19,0
238,6.86,0.6155555555555560,3.6666666666666700,107,Good,31.74,4
239,6.56,0.5583333333333330,4,87,Medium,32.64,4
240,3.82,0.5398637752099470,1.894736842105260,89,Medium,31.52,2
241,0,0.5520833333333330,4.612903225806450,94,Good,29.73,4
242,4.05,0.35997650384644900,1.4285714285714300,108,Good,32.07,4
243,7.84,0.5009803921568630,2,120,Medium,31.35,3
244,4.02,0.4764813648928790,3.2142857142857100,90,Medium,44.53,2
245,0,0.5156925110629310,2.7142857142857100,98,Medium,29.47,0
246,0,0.3672807424127440,1.45,132,Medium,34.98,3
247,6.85,0.4084950798602260,4.142857142857140,122,Medium,30.82,4
248,5.38,0.6766666666666670,0,89,Medium,31.75,0
249,5.55,0.4989130434782610,2.3333333333333300,253,Good,43.44,2
250,2.67,0.5962555974721910,1.5,92,Medium,40.02,0
251,0,0.4419667047556150,1.2857142857142900,109,Good,29.5,1
252,0,0.6160256410256410,0,119,Medium,32.98,0
253,5.75,0.5384057971014490,2.12,165,Medium,33.06,1
254,5.44,0.5702380952380950,11,150,Medium,30.26,1
255,5,0.4846153846153850,3,82,Medium,30.36,2
256,1.18,0.6394848118225730,4.5,95,Medium,62.01,4
257,0.08,0.33094695847472700,4,162,Good,32.93,2
258,5,0.64,2.5,104,Medium,30.17,0
259,0,0.5634920634920640,1,92,Medium,32.49,1
260,6.29,0.37934162035466200,4.5,120,Medium,41.95,2
261,?,0.36848493028665000,1.5714285714285700,93,Medium,42.04,4
263,?,0.5858974358974360,14,147,Good,39.97,4
264,6.04,0.23541495843800700,5.583333333333330,147,Medium,35.77,0
265,0,0.6222222222222220,1.2,101,Bad,26.34,2
266,0.9,0.5394097222222220,3.4871794871794900,175,Medium,42.16,1
267,0,0.6055555555555560,3,135,Medium,31.74,3
268,0,0.6166666666666670,4.5,172,Medium,36.05,1
269,2.49,0.4315822967577290,6.095238095238100,120,Medium,31.66,1
270,0,0.6055555555555560,11,60,Medium,27.64,3
271,2.55,0.6238095238095240,3.2,124,Medium,34.44,1
272,0,0.3780624578751270,7,139,Medium,30.72,0
273,0,0.6095238095238100,1,176,Very Bad,30.59,4
274,5.76,0.5796969696969700,2.6551724137931000,114,Medium,38.83,4
275,0,0.6930555555555560,4,93,Medium,27.95,0
276,1.92,0.5666666666666670,1.6666666666666700,110,Medium,31.25,0
277,4.81,0.5721721653458150,2,77,Medium,32.83,2
278,0,0.5260225231207360,1.6666666666666700,97,Medium,34.58,1
279,7.31,0.2904820144629670,3.1940298507462700,120,Medium,33.72,2
280,4.25,0.4219298245614040,3.7142857142857100,274,Medium,38.23,0
281,8.42,0.5,1.75,88,Medium,32.58,4
282,4.2,0.3509181289543720,1.3888888888888900,112,Medium,35.24,2
283,0,0.5880952380952380,4,98,Medium,29.08,0
284,0,0.62,1,267,Medium,44.12,0
285,0,0.5732142857142860,0,45,Medium,28.51,0
286,7.21,0.5534013605442180,2.5384615384615400,89,Medium,30.31,2
287,8.18,0.6518697867715850,2,75,Medium,25.6,2
288,0,0.6259259259259260,3,120,Medium,33.23,1
289,7.33,0.6097222222222220,3.625,129,Good,29,2
290,4.64,0.46107693154980200,2,262,Bad,29.93,2
291,0,0.6493055555555560,1,171,Very Bad,28.16,2
292,?,0.3790099143783250,2.5,185,Medium,30.46,1
293,0,0.5772727272727270,1.5,89,Good,28.97,3
294,5,0.48444444444444400,2.25,88,Medium,30.29,3
295,0,0.5433333333333330,2.4285714285714300,73,Medium,30.97,2
296,0,0.6192307692307690,7,105,Medium,31.21,0
297,4.44,0.7257575757575760,0,127,Bad,28.73,4
299,7.91,0.49364878170046200,8,80,Bad,23.74,4
300,8.25,0.5517543859649120,2.857142857142860,101,Medium,31.74,4
301,1.18,0.6433333333333330,1,263,Medium,38.55,3
302,0,0.6583333333333330,1.5,91,Medium,28.42,2
303,0,0.5822222222222220,1.25,103,Medium,32.31,1
304,0,0.6979166666666670,0,128,Bad,28.99,0
305,6.48,0.4427499622488630,25.4,220,Medium,34.16,3
306,7.04,0.5638418079096050,3.0476190476190500,116,Medium,36.97,1
307,0,0.6398316141631870,1,90,Medium,32.15,2
308,2.63,0.39284016533214400,2.0625,157,Medium,33.41,1
309,8.27,0.31845629700483400,4.4,100,Medium,28.95,2
310,7.3,0.4880952380952380,2.5,124,Medium,28.91,1
311,5.95,0.5905982905982910,1.1724137931034500,110,Medium,30.25,4
312,5.82,0.5941176470588240,5.8,2381,Medium,34.29,3
313,0,0.5847222222222220,2,102,Medium,32.87,2
315,0,0.5543478260869570,1,95,Very Bad,23.48,0
316,4.87,0.6126984126984130,6,127,Good,32.28,1
317,0,0.30937402460004100,1.1428571428571400,81,Medium,29.42,4
318,0,0.6104166666666670,2.3,134,Medium,32.07,2
319,0,0.5740310077519380,0,138,Medium,28.3,4
320,3.77,0.6117283950617280,3.2857142857142900,181,Good,33.62,1
321,0,0.4813570462208690,1.5121951219512200,175,Medium,45.45,4
322,10,0.6757761839892380,0,92,Good,28.13,0
326,7.33,0.46613503534096000,1.6875,115,Medium,29.82,0
330,0,0.26666666666666700,1.5,152,Very Bad,25.43,4
337,0.64,0.5616666666666670,1.1578947368421100,128,Medium,32.46,2
345,8.37,0.6364341085271320,7.5,86,Medium,30.19,1
346,0,0.6019479307348040,10,101,Medium,29,1
354,0.83,0.5572916666666670,6.666666666666670,88,Medium,32.08,0
360,2.47,0.621875,2,120,Medium,31.32,1
362,3.57,0.31488865308133500,4.076923076923080,107,Medium,30.4,2
363,7.04,0.64,4.6,84,Very Bad,22.94,3
364,7.14,0.32821449919044700,1.2173913043478300,126,Medium,32.6,0
365,0,0.5763157894736840,3.5,81,Bad,27.5,4
366,5.27,0.520125786,1.3055555555555600,113,Medium,28.7,1
367,3.18,0.5611111111111110,1.5714285714285700,160,Very Bad,37.86,4
368,1.03,0.4614918955243550,2,79,Medium,30.12,2
369,0.26,0.615,3,79,Good,26.85,3
370,8.2,0.4711284932046520,2.7043478260869600,118,Medium,41.91,3
371,0,0.5814814814814820,2.5,89,Medium,30.7,2
372,0,0.43251957278928600,3.375,81,Medium,31.52,2
373,0,0.6016666666666670,1.25,102,Medium,30.02,2
374,0,0.5858974358974360,5,143,Medium,31.02,3
375,2.59,0.64,1,72,Medium,30.92,0
376,0,0.5903508771929820,3.5,72,Medium,26.6,2
377,8,0.558695652,4.9,87,Medium,29.15,2
378,8.06,0.5842592592592590,2,108,Medium,30.78,3
379,3.75,0.4986111111111110,2.6,116,Good,33.32,1
380,6.76,0.5769831326856680,1.2,68,Good,26.7,4
381,0,0.5722222222222220,2,89,Medium,37.9,1
382,9.09,0.5924242424242420,0,51,Medium,27.21,0
383,7.6,0.569047619,5,98,Good,28.28,2
384,5,0.5583333333333330,0,92,Medium,29.73,2
385,2.95,0.5420995670995670,2.1946902654867300,124,Medium,30.9,2
386,1.67,0.6224306570869050,2.6,179,Very Bad,32.82,4
387,6.71,0.49632491713973000,4.2,92,Medium,31.01,1
388,5.24,0.41600000000000000,5.833333333333330,102,Medium,31.25,2
389,0,0.7083333333333330,2.3333333333333300,172,Medium,35.84,4
390,5.27,0.41452841167860000,3.25,167,Medium,32.7,4
391,2.08,0.5809523809523810,1,106,Medium,31.84,2
393,0,0.6263888888888890,1,104,Very Bad,26.55,1
394,5.69,0.45481481481481500,2.5625,122,Medium,40.98,2
395,0,0.6528517188870960,2,157,Very Bad,32.08,1
396,0,0.4886109429674270,1.4,101,Good,30.09,4
397,8.21,0.3625666930920180,3.6470588235294100,98,Medium,30.35,4
398,1.94,0.49,1.6153846153846200,81,Very Bad,26.78,4
399,0,0,0,117,Medium,46.29,2
400,0.87,0.6649631867266480,1,113,Medium,26.62,0
401,5.22,0.6366666666666670,2,139,Medium,30.16,1
402,1.46,0.5318745689090490,0,101,Medium,29.65,1
403,8.05,0.4473484848484850,1.7241379310344800,194,Medium,30.27,4
404,4.62,0.4823180923174400,2.272727272727270,79,Medium,41.68,3
405,0,0.6333333333333330,1,87,Medium,29.32,2
406,3.83,0.5509803921568630,2,157,Medium,31.37,2
407,7.74,0.5605263157894740,3,118,Medium,30.35,3
408,0,0.4604166666666670,3.5384615384615400,112,Medium,28.5,4
409,2.5,0.6266666666666670,1.4,75,Medium,27.95,4
410,0,0.4930555555555560,1.6,1828,Medium,82.02,0
411,5.8,0.4931089743589740,1.9206349206349200,101,Medium,33.66,2
412,3.36,0.3622673645615580,3.2857142857142900,185,Medium,31.54,4
413,5.94,0.28664956148042100,4.294117647058820,150,Good,34.55,2
414,0,0.6000000000000000,2,78,Very Bad,23.5,4
415,1.98,0.43888020335946700,2,114,Good,32.33,3
416,3.46,0.5800000000000000,2.6666666666666700,143,Medium,36.72,2
417,2.91,0.5403100775193800,2.5,138,Medium,41.62,1
418,0.29,0.5333333333333330,3.3333333333333300,181,Medium,52.49,2
419,7.12,0.4922619047619050,2.1666666666666700,80,Medium,29,3
420,8.43,0.47631578947368400,2.1818181818181800,100,Medium,31.3,4
421,4.65,0.3974221141047460,5.857142857142860,106,Medium,33.95,1
422,0.43,0.6433333333333330,3,106,Very Bad,29.63,4
423,6.52,0.43846153846153800,3,100,Medium,32.47,3
424,0,0.5685185185185190,2,257,Good,36.18,4
425,3.16,0.5336309523809520,2.9375,131,Medium,31.65,4
426,?,0.35404850427134400,4.2,121,Medium,30.54,4
427,4.68,0.42398563777301600,3.375,168,Medium,29.09,2
429,4,0.40590876191854500,2.6666666666666700,97,Bad,38.09,0
430,6.76,0.528921569,2.9411764705882400,114,Medium,48.78,4
431,0,0,0,81,Very Bad,15.45,3
432,2.73,0.6777777777777780,4.5,138,Medium,33.17,4
433,0,0.5223590675801840,6.833333333333330,99,Good,28.65,3
434,5.89,0.5462962962962960,2.2,89,Medium,29.68,4
435,5.2,0.4709803921568630,1.575,147,Medium,40.63,1
436,8,0.44,2.2,78,Good,26.19,1
437,5.81,0.4107468721969410,3.642857142857140,135,Medium,33.98,3
438,1.6,0.5,2.25,109,Medium,32.97,3
439,0,0.653125,2,160,Bad,30.62,1
440,3.04,0.56,2,95,Good,29.33,4
441,1.67,0.65,0,100,Very Bad,26.43,3
442,0,0.3676793908641220,2,132,Medium,31.26,2
443,4.18,0.4634615384615390,3.5,101,Bad,25.52,4
444,2.76,0.5313131313131310,1.6111111111111100,80,Medium,27.7,4
445,5.88,0.3332472891397750,5.75,95,Bad,26.89,4
446,0,0.6416666666666670,5,82,Good,27.44,4
447,3.97,0.5410660675702530,1.6,74,Medium,24.56,3
448,6.47,0.5966666666666670,0,101,Bad,25.03,1
449,4.91,0.6112820512820510,5.071428571428570,136,Good,32.57,4
451,2.38,0.46100140229851300,1,85,Good,28.43,3
452,0,0.6575268817204300,2,295,Medium,35.33,0
453,1.32,0.5878787878787880,1.5,78,Bad,31.26,3
454,4.32,0.5365591397849460,1.7407407407407400,150,Medium,31.66,4
455,1.5,0.3921383812142140,2.2857142857142900,105,Medium,32.07,2
456,1.88,0.225,1.5,91,Bad,30.68,2
457,4.88,0.5494740876050570,2.125,179,Medium,55.95,2
458,0,0.4230361842624250,4,71,Medium,28.44,4
459,7.12,0.6217948717948720,2.25,191,Medium,30.26,0
460,0,0.6583333333333330,1.3333333333333300,84,Very Bad,22.46,4
461,8.5,0.3123698127812440,2,82,Medium,30.35,3
462,4.01,0.3194448232234930,2.4482758620689700,129,Medium,34.32,2
463,0,0.5630952380952380,0,78,Medium,28.14,1
464,4.03,0.34333471182072500,2.769230769230770,178,Good,38.04,1
465,0.62,0.5972222222222220,0,128,Medium,34.88,2
466,1.94,0.6131578947368420,1,73,Medium,30.87,2
467,0,0.6682291666666670,3.75,166,Medium,45.43,0
468,5.71,0.6273809523809520,2,90,Medium,30.79,2
469,0,0.4198825335328570,7.260869565217390,133,Medium,33.79,2
470,2.17,0.5511904761904760,1.25,77,Medium,29.28,1
471,5.56,0.575,2.2,72,Medium,37.72,2
472,0,0.2883352156296920,7,91,Medium,35.12,2
473,0,0.65,7,85,Bad,31.34,3
475,0,0.61,0,94,Medium,32.21,4
476,0,0.6016666666666670,0,134,Medium,32.72,3
478,0,0.611904762,1,69,Medium,28.1,3
479,0,0.575,1.25,81,Medium,31.37,0
480,7.05,0.528125,3,119,Good,30.06,0
481,5.74,0.5921052631578950,1,101,Good,31.5,2
482,0,0.5141681519614180,6.375,256,Medium,29.92,4
483,5.58,0.5028169014084510,2.3636363636363600,120,Medium,38.08,4
484,4.21,0.6440860215053760,1,120,Good,41.73,3
485,2.5,0.263768116,1.4285714285714300,127,Medium,32.22,2
486,?,0.6291666666666670,3.3333333333333300,91,Good,28.34,0
487,4.44,0.5733333333333330,9,118,Good,31.97,4
488,0,0.6313926861274700,1.1111111111111100,65,Medium,28,1
489,0,0.8788739378273450,0,112,Medium,39.62,0
490,0,0.548015873,2.1333333333333300,124,Medium,32.58,3
491,0,0.5833333333333330,0,104,Medium,31.61,1
492,7.89,0.5883333333333330,10,63,Medium,28.91,2
493,5.6,0.5433333333333330,3.761904761904760,220,Medium,35.94,3
494,3.18,0.556060606,0,89,Very Bad,19.73,4
495,0,0.5666666666666670,0,193,Bad,41.4,0
496,5.68,0.5433333333333330,2.5,120,Medium,35.97,2
497,0,0.6060606060606060,2.4,79,Medium,29.82,2
498,0,0.6444444444444450,3,116,Very Bad,29.32,3
499,0.26,0.49541087592793600,2,130,Medium,32.38,0
500,0,0.5477777777777780,0,185,Medium,34.22,1